rank,name,parent,base_ma,base_uncertainty_ma,top_ma,color,source
eon,Hadean,Precambrian,4567,,4031,#AE027E,"ICS International Chronostratigraphic Chart v2024-12 (Cohen, Harper, Gibbard & Car 2025, Episodes 48:105-115), CC BY 4.0, i-c-stratigraphy/chart@81618a8"
eon,Archean,Precambrian,4031,3,2500,#F0047F,"ICS International Chronostratigraphic Chart v2024-12 (Cohen, Harper, Gibbard & Car 2025, Episodes 48:105-115), CC BY 4.0, i-c-stratigraphy/chart@81618a8"
eon,Proterozoic,Precambrian,2500,,538.8,#F73563,"ICS International Chronostratigraphic Chart v2024-12 (Cohen, Harper, Gibbard & Car 2025, Episodes 48:105-115), CC BY 4.0, i-c-stratigraphy/chart@81618a8"
eon,Phanerozoic,,538.8,0.6,0,#9AD9DD,"ICS International Chronostratigraphic Chart v2024-12 (Cohen, Harper, Gibbard & Car 2025, Episodes 48:105-115), CC BY 4.0, i-c-stratigraphy/chart@81618a8"
era,Eoarchean,Archean,4031,3,3600,#DA037F,"ICS International Chronostratigraphic Chart v2024-12 (Cohen, Harper, Gibbard & Car 2025, Episodes 48:105-115), CC BY 4.0, i-c-stratigraphy/chart@81618a8"
era,Paleoarchean,Archean,3600,,3200,#F4449F,"ICS International Chronostratigraphic Chart v2024-12 (Cohen, Harper, Gibbard & Car 2025, Episodes 48:105-115), CC BY 4.0, i-c-stratigraphy/chart@81618a8"
era,Mesoarchean,Archean,3200,,2800,#F768A9,"ICS International Chronostratigraphic Chart v2024-12 (Cohen, Harper, Gibbard & Car 2025, Episodes 48:105-115), CC BY 4.0, i-c-stratigraphy/chart@81618a8"
era,Neoarchean,Archean,2800,,2500,#F99BC1,"ICS International Chronostratigraphic Chart v2024-12 (Cohen, Harper, Gibbard & Car 2025, Episodes 48:105-115), CC BY 4.0, i-c-stratigraphy/chart@81618a8"
era,Paleoproterozoic,Proterozoic,2500,,1600,#F74370,"ICS International Chronostratigraphic Chart v2024-12 (Cohen, Harper, Gibbard & Car 2025, Episodes 48:105-115), CC BY 4.0, i-c-stratigraphy/chart@81618a8"
era,Mesoproterozoic,Proterozoic,1600,,1000,#FDB462,"ICS International Chronostratigraphic Chart v2024-12 (Cohen, Harper, Gibbard & Car 2025, Episodes 48:105-115), CC BY 4.0, i-c-stratigraphy/chart@81618a8"
era,Neoproterozoic,Proterozoic,1000,,538.8,#FEB342,"ICS International Chronostratigraphic Chart v2024-12 (Cohen, Harper, Gibbard & Car 2025, Episodes 48:105-115), CC BY 4.0, i-c-stratigraphy/chart@81618a8"
era,Paleozoic,Phanerozoic,538.8,0.6,251.902,#99C08D,"ICS International Chronostratigraphic Chart v2024-12 (Cohen, Harper, Gibbard & Car 2025, Episodes 48:105-115), CC BY 4.0, i-c-stratigraphy/chart@81618a8"
era,Mesozoic,Phanerozoic,251.902,0.024,66,#67C5CA,"ICS International Chronostratigraphic Chart v2024-12 (Cohen, Harper, Gibbard & Car 2025, Episodes 48:105-115), CC BY 4.0, i-c-stratigraphy/chart@81618a8"
era,Cenozoic,Phanerozoic,66,,0,#F2F91D,"ICS International Chronostratigraphic Chart v2024-12 (Cohen, Harper, Gibbard & Car 2025, Episodes 48:105-115), CC BY 4.0, i-c-stratigraphy/chart@81618a8"
period,Siderian,Paleoproterozoic,2500,,2300,#F74F7C,"ICS International Chronostratigraphic Chart v2024-12 (Cohen, Harper, Gibbard & Car 2025, Episodes 48:105-115), CC BY 4.0, i-c-stratigraphy/chart@81618a8"
period,Rhyacian,Paleoproterozoic,2300,,2050,#F75B89,"ICS International Chronostratigraphic Chart v2024-12 (Cohen, Harper, Gibbard & Car 2025, Episodes 48:105-115), CC BY 4.0, i-c-stratigraphy/chart@81618a8"
period,Orosirian,Paleoproterozoic,2050,,1800,#F76898,"ICS International Chronostratigraphic Chart v2024-12 (Cohen, Harper, Gibbard & Car 2025, Episodes 48:105-115), CC BY 4.0, i-c-stratigraphy/chart@81618a8"
period,Statherian,Paleoproterozoic,1800,,1600,#F875A7,"ICS International Chronostratigraphic Chart v2024-12 (Cohen, Harper, Gibbard & Car 2025, Episodes 48:105-115), CC BY 4.0, i-c-stratigraphy/chart@81618a8"
period,Calymmian,Mesoproterozoic,1600,,1400,#FDC07A,"ICS International Chronostratigraphic Chart v2024-12 (Cohen, Harper, Gibbard & Car 2025, Episodes 48:105-115), CC BY 4.0, i-c-stratigraphy/chart@81618a8"
period,Ectasian,Mesoproterozoic,1400,,1200,#FDCC8A,"ICS International Chronostratigraphic Chart v2024-12 (Cohen, Harper, Gibbard & Car 2025, Episodes 48:105-115), CC BY 4.0, i-c-stratigraphy/chart@81618a8"
period,Stenian,Mesoproterozoic,1200,,1000,#FED99A,"ICS International Chronostratigraphic Chart v2024-12 (Cohen, Harper, Gibbard & Car 2025, Episodes 48:105-115), CC BY 4.0, i-c-stratigraphy/chart@81618a8"
period,Tonian,Neoproterozoic,1000,,720,#FEBF4E,"ICS International Chronostratigraphic Chart v2024-12 (Cohen, Harper, Gibbard & Car 2025, Episodes 48:105-115), CC BY 4.0, i-c-stratigraphy/chart@81618a8"
period,Cryogenian,Neoproterozoic,720,,635,#FECC5C,"ICS International Chronostratigraphic Chart v2024-12 (Cohen, Harper, Gibbard & Car 2025, Episodes 48:105-115), CC BY 4.0, i-c-stratigraphy/chart@81618a8"
period,Ediacaran,Neoproterozoic,635,,538.8,#FED96A,"ICS International Chronostratigraphic Chart v2024-12 (Cohen, Harper, Gibbard & Car 2025, Episodes 48:105-115), CC BY 4.0, i-c-stratigraphy/chart@81618a8"
period,Cambrian,Paleozoic,538.8,0.6,486.85,#7FA056,"ICS International Chronostratigraphic Chart v2024-12 (Cohen, Harper, Gibbard & Car 2025, Episodes 48:105-115), CC BY 4.0, i-c-stratigraphy/chart@81618a8"
period,Ordovician,Paleozoic,486.85,1.5,443.1,#009270,"ICS International Chronostratigraphic Chart v2024-12 (Cohen, Harper, Gibbard & Car 2025, Episodes 48:105-115), CC BY 4.0, i-c-stratigraphy/chart@81618a8"
period,Silurian,Paleozoic,443.1,1,419.62,#B3E1B6,"ICS International Chronostratigraphic Chart v2024-12 (Cohen, Harper, Gibbard & Car 2025, Episodes 48:105-115), CC BY 4.0, i-c-stratigraphy/chart@81618a8"
period,Devonian,Paleozoic,419.62,1.36,358.86,#CB8C37,"ICS International Chronostratigraphic Chart v2024-12 (Cohen, Harper, Gibbard & Car 2025, Episodes 48:105-115), CC BY 4.0, i-c-stratigraphy/chart@81618a8"
period,Carboniferous,Paleozoic,358.86,0.19,298.9,#67A599,"ICS International Chronostratigraphic Chart v2024-12 (Cohen, Harper, Gibbard & Car 2025, Episodes 48:105-115), CC BY 4.0, i-c-stratigraphy/chart@81618a8"
period,Permian,Paleozoic,298.9,0.15,251.902,#F04028,"ICS International Chronostratigraphic Chart v2024-12 (Cohen, Harper, Gibbard & Car 2025, Episodes 48:105-115), CC BY 4.0, i-c-stratigraphy/chart@81618a8"
period,Triassic,Mesozoic,251.902,0.024,201.4,#812B92,"ICS International Chronostratigraphic Chart v2024-12 (Cohen, Harper, Gibbard & Car 2025, Episodes 48:105-115), CC BY 4.0, i-c-stratigraphy/chart@81618a8"
period,Jurassic,Mesozoic,201.4,0.2,143.1,#34B2C9,"ICS International Chronostratigraphic Chart v2024-12 (Cohen, Harper, Gibbard & Car 2025, Episodes 48:105-115), CC BY 4.0, i-c-stratigraphy/chart@81618a8"
period,Cretaceous,Mesozoic,143.1,0.6,66,#7FC64E,"ICS International Chronostratigraphic Chart v2024-12 (Cohen, Harper, Gibbard & Car 2025, Episodes 48:105-115), CC BY 4.0, i-c-stratigraphy/chart@81618a8"
period,Paleogene,Cenozoic,66,,23.04,#FD9A52,"ICS International Chronostratigraphic Chart v2024-12 (Cohen, Harper, Gibbard & Car 2025, Episodes 48:105-115), CC BY 4.0, i-c-stratigraphy/chart@81618a8"
period,Neogene,Cenozoic,23.04,,2.58,#FFE619,"ICS International Chronostratigraphic Chart v2024-12 (Cohen, Harper, Gibbard & Car 2025, Episodes 48:105-115), CC BY 4.0, i-c-stratigraphy/chart@81618a8"
period,Quaternary,Cenozoic,2.58,,0,#F9F97F,"ICS International Chronostratigraphic Chart v2024-12 (Cohen, Harper, Gibbard & Car 2025, Episodes 48:105-115), CC BY 4.0, i-c-stratigraphy/chart@81618a8"
epoch,Terreneuvian,Cambrian,538.8,0.6,521,#8CB06C,"ICS International Chronostratigraphic Chart v2024-12 (Cohen, Harper, Gibbard & Car 2025, Episodes 48:105-115), CC BY 4.0, i-c-stratigraphy/chart@81618a8"
epoch,Series 2,Cambrian,521,,506.5,#99C078,"ICS International Chronostratigraphic Chart v2024-12 (Cohen, Harper, Gibbard & Car 2025, Episodes 48:105-115), CC BY 4.0, i-c-stratigraphy/chart@81618a8"
epoch,Miaolingian,Cambrian,506.5,,497,#A6CF86,"ICS International Chronostratigraphic Chart v2024-12 (Cohen, Harper, Gibbard & Car 2025, Episodes 48:105-115), CC BY 4.0, i-c-stratigraphy/chart@81618a8"
epoch,Furongian,Cambrian,497,,486.85,#B3E095,"ICS International Chronostratigraphic Chart v2024-12 (Cohen, Harper, Gibbard & Car 2025, Episodes 48:105-115), CC BY 4.0, i-c-stratigraphy/chart@81618a8"
epoch,LowerOrdovician,Ordovician,486.85,1.5,471.3,#1A9D6F,"ICS International Chronostratigraphic Chart v2024-12 (Cohen, Harper, Gibbard & Car 2025, Episodes 48:105-115), CC BY 4.0, i-c-stratigraphy/chart@81618a8"
epoch,MiddleOrdovician,Ordovician,471.3,1.4,458.2,#4DB47E,"ICS International Chronostratigraphic Chart v2024-12 (Cohen, Harper, Gibbard & Car 2025, Episodes 48:105-115), CC BY 4.0, i-c-stratigraphy/chart@81618a8"
epoch,UpperOrdovician,Ordovician,458.2,0.7,443.1,#7FCA93,"ICS International Chronostratigraphic Chart v2024-12 (Cohen, Harper, Gibbard & Car 2025, Episodes 48:105-115), CC BY 4.0, i-c-stratigraphy/chart@81618a8"
epoch,Llandovery,Silurian,443.1,1,432.9,#99D7B3,"ICS International Chronostratigraphic Chart v2024-12 (Cohen, Harper, Gibbard & Car 2025, Episodes 48:105-115), CC BY 4.0, i-c-stratigraphy/chart@81618a8"
epoch,Wenlock,Silurian,432.9,1.2,426.7,#B3E1C2,"ICS International Chronostratigraphic Chart v2024-12 (Cohen, Harper, Gibbard & Car 2025, Episodes 48:105-115), CC BY 4.0, i-c-stratigraphy/chart@81618a8"
epoch,Ludlow,Silurian,426.7,1.5,419.62,#BFE6CF,"ICS International Chronostratigraphic Chart v2024-12 (Cohen, Harper, Gibbard & Car 2025, Episodes 48:105-115), CC BY 4.0, i-c-stratigraphy/chart@81618a8"
epoch,Pridoli,Silurian,422.7,1.6,419.62,#E6F5E1,"ICS International Chronostratigraphic Chart v2024-12 (Cohen, Harper, Gibbard & Car 2025, Episodes 48:105-115), CC BY 4.0, i-c-stratigraphy/chart@81618a8"
epoch,LowerDevonian,Devonian,419.62,1.36,393.47,#E5AC4D,"ICS International Chronostratigraphic Chart v2024-12 (Cohen, Harper, Gibbard & Car 2025, Episodes 48:105-115), CC BY 4.0, i-c-stratigraphy/chart@81618a8"
epoch,MiddleDevonian,Devonian,393.47,0.99,382.31,#F1C868,"ICS International Chronostratigraphic Chart v2024-12 (Cohen, Harper, Gibbard & Car 2025, Episodes 48:105-115), CC BY 4.0, i-c-stratigraphy/chart@81618a8"
epoch,UpperDevonian,Devonian,382.31,1.36,358.86,#F1E19D,"ICS International Chronostratigraphic Chart v2024-12 (Cohen, Harper, Gibbard & Car 2025, Episodes 48:105-115), CC BY 4.0, i-c-stratigraphy/chart@81618a8"
epoch,LowerMississippian,Mississippian,358.86,0.19,346.7,#80AB6C,"ICS International Chronostratigraphic Chart v2024-12 (Cohen, Harper, Gibbard & Car 2025, Episodes 48:105-115), CC BY 4.0, i-c-stratigraphy/chart@81618a8"
epoch,MiddleMississippian,Mississippian,346.7,0.4,330.3,#99B46C,"ICS International Chronostratigraphic Chart v2024-12 (Cohen, Harper, Gibbard & Car 2025, Episodes 48:105-115), CC BY 4.0, i-c-stratigraphy/chart@81618a8"
epoch,UpperMississippian,Mississippian,330.3,0.4,323.4,#B3BE6C,"ICS International Chronostratigraphic Chart v2024-12 (Cohen, Harper, Gibbard & Car 2025, Episodes 48:105-115), CC BY 4.0, i-c-stratigraphy/chart@81618a8"
epoch,LowerPennsylvanian,Pennsylvanian,323.4,0.4,315.2,#8CBEB4,"ICS International Chronostratigraphic Chart v2024-12 (Cohen, Harper, Gibbard & Car 2025, Episodes 48:105-115), CC BY 4.0, i-c-stratigraphy/chart@81618a8"
epoch,MiddlePennsylvanian,Pennsylvanian,315.2,0.2,307,#A6C7B7,"ICS International Chronostratigraphic Chart v2024-12 (Cohen, Harper, Gibbard & Car 2025, Episodes 48:105-115), CC BY 4.0, i-c-stratigraphy/chart@81618a8"
epoch,UpperPennsylvanian,Pennsylvanian,307,0.1,298.9,#BFD0BA,"ICS International Chronostratigraphic Chart v2024-12 (Cohen, Harper, Gibbard & Car 2025, Episodes 48:105-115), CC BY 4.0, i-c-stratigraphy/chart@81618a8"
epoch,Cisuralian,Permian,298.9,0.15,274.4,#EF5845,"ICS International Chronostratigraphic Chart v2024-12 (Cohen, Harper, Gibbard & Car 2025, Episodes 48:105-115), CC BY 4.0, i-c-stratigraphy/chart@81618a8"
epoch,Guadalupian,Permian,274.4,0.4,259.857,#FB745C,"ICS International Chronostratigraphic Chart v2024-12 (Cohen, Harper, Gibbard & Car 2025, Episodes 48:105-115), CC BY 4.0, i-c-stratigraphy/chart@81618a8"
epoch,Lopingian,Permian,259.857,0.084,251.902,#FBA794,"ICS International Chronostratigraphic Chart v2024-12 (Cohen, Harper, Gibbard & Car 2025, Episodes 48:105-115), CC BY 4.0, i-c-stratigraphy/chart@81618a8"
epoch,LowerTriassic,Triassic,251.902,0.024,247,#983999,"ICS International Chronostratigraphic Chart v2024-12 (Cohen, Harper, Gibbard & Car 2025, Episodes 48:105-115), CC BY 4.0, i-c-stratigraphy/chart@81618a8"
epoch,MiddleTriassic,Triassic,247,,237,#B168B1,"ICS International Chronostratigraphic Chart v2024-12 (Cohen, Harper, Gibbard & Car 2025, Episodes 48:105-115), CC BY 4.0, i-c-stratigraphy/chart@81618a8"
epoch,UpperTriassic,Triassic,237,,201.4,#BD8CC3,"ICS International Chronostratigraphic Chart v2024-12 (Cohen, Harper, Gibbard & Car 2025, Episodes 48:105-115), CC BY 4.0, i-c-stratigraphy/chart@81618a8"
epoch,LowerJurassic,Jurassic,201.4,0.2,174.7,#42AED0,"ICS International Chronostratigraphic Chart v2024-12 (Cohen, Harper, Gibbard & Car 2025, Episodes 48:105-115), CC BY 4.0, i-c-stratigraphy/chart@81618a8"
epoch,MiddleJurassic,Jurassic,174.7,0.8,161.5,#80CFD8,"ICS International Chronostratigraphic Chart v2024-12 (Cohen, Harper, Gibbard & Car 2025, Episodes 48:105-115), CC BY 4.0, i-c-stratigraphy/chart@81618a8"
epoch,UpperJurassic,Jurassic,161.5,1,143.1,#B3E3EE,"ICS International Chronostratigraphic Chart v2024-12 (Cohen, Harper, Gibbard & Car 2025, Episodes 48:105-115), CC BY 4.0, i-c-stratigraphy/chart@81618a8"
epoch,LowerCretaceous,Cretaceous,143.1,0.6,100.5,#8CCD57,"ICS International Chronostratigraphic Chart v2024-12 (Cohen, Harper, Gibbard & Car 2025, Episodes 48:105-115), CC BY 4.0, i-c-stratigraphy/chart@81618a8"
epoch,UpperCretaceous,Cretaceous,100.5,0.1,66,#A6D84A,"ICS International Chronostratigraphic Chart v2024-12 (Cohen, Harper, Gibbard & Car 2025, Episodes 48:105-115), CC BY 4.0, i-c-stratigraphy/chart@81618a8"
epoch,Paleocene,Paleogene,66,,56,#FDA75F,"ICS International Chronostratigraphic Chart v2024-12 (Cohen, Harper, Gibbard & Car 2025, Episodes 48:105-115), CC BY 4.0, i-c-stratigraphy/chart@81618a8"
epoch,Eocene,Paleogene,56,,33.9,#FDB46C,"ICS International Chronostratigraphic Chart v2024-12 (Cohen, Harper, Gibbard & Car 2025, Episodes 48:105-115), CC BY 4.0, i-c-stratigraphy/chart@81618a8"
epoch,Oligocene,Paleogene,33.9,,23.04,#FEC07A,"ICS International Chronostratigraphic Chart v2024-12 (Cohen, Harper, Gibbard & Car 2025, Episodes 48:105-115), CC BY 4.0, i-c-stratigraphy/chart@81618a8"
epoch,Miocene,Neogene,23.04,,5.333,#FFFF00,"ICS International Chronostratigraphic Chart v2024-12 (Cohen, Harper, Gibbard & Car 2025, Episodes 48:105-115), CC BY 4.0, i-c-stratigraphy/chart@81618a8"
epoch,Pliocene,Neogene,5.333,,2.58,#FFFF99,"ICS International Chronostratigraphic Chart v2024-12 (Cohen, Harper, Gibbard & Car 2025, Episodes 48:105-115), CC BY 4.0, i-c-stratigraphy/chart@81618a8"
epoch,Pleistocene,Quaternary,2.58,,0.0117,#FFEFAF,"ICS International Chronostratigraphic Chart v2024-12 (Cohen, Harper, Gibbard & Car 2025, Episodes 48:105-115), CC BY 4.0, i-c-stratigraphy/chart@81618a8"
epoch,Holocene,Quaternary,0.0117,,0,#FEEBD2,"ICS International Chronostratigraphic Chart v2024-12 (Cohen, Harper, Gibbard & Car 2025, Episodes 48:105-115), CC BY 4.0, i-c-stratigraphy/chart@81618a8"
